{
	"name": "jquery.applink",
	"title": "jquery.applink",
	"description": "Launch native apps from web page links for mobile and desktop devices",
	"keywords": ["native", "mobile", "app", "link"],
	"version": "1.0.5",
	"author": {
		"name": "Lito",
		"url": "http://about.me/lito"
	},
	"licenses": [
		{
			"type": "Apache License 2.0",
			"url": "http://www.apache.org/licenses/LICENSE-2.0"
		}
	],
	"homepage": "https://github.com/eusonlito/jquery.applink",
	"bugs": "https://github.com/eusonlito/jquery.applink/issues",
	"docs": "https://github.com/eusonlito/jquery.applink",

	"dependencies": {
		"jquery": ">=1.7"
	}
}
